{
  "fresno": {
    "diffusion": 0.5756656527519226,
    "convection": 0.0404176190495491,
    "local": 0.383916974067688
  },
  "slc": {
    "diffusion": 0.5785623788833618,
    "convection": 0.04117344692349434,
    "local": 0.38026437163352966
  }
}